"category","type","estimate","lower","upper","x","pcrf","pden","ppop","parea","bound_range","group"
"exhibits","zoosaquariumsgardens",-198.10638961364663,-3312.5205984651175,366.24654445198206,10,0.5,0.1,0.5,0.5,3678.7671429170996,"zoosaquariumsgardens-10"
"exhibits","zoosaquariumsgardens",-193.49609516984657,-2874.850082442987,388.57582758415003,10,0.5,0.15000000000000002,0.5,0.5,3263.425910027137,"zoosaquariumsgardens-10"
"exhibits","zoosaquariumsgardens",-198.32023319532556,-2833.8813710840923,321.1569737335491,10,0.5,0.2,0.5,0.5,3155.0383448176412,"zoosaquariumsgardens-10"
"exhibits","zoosaquariumsgardens",-213.77518412477042,-2862.5992775920813,327.25079138977435,10,0.5,0.25,0.5,0.5,3189.8500689818557,"zoosaquariumsgardens-10"
"exhibits","zoosaquariumsgardens",-201.5031771113347,-3601.9877594397803,350.0729496533844,10,0.5,0.30000000000000004,0.5,0.5,3952.060709093165,"zoosaquariumsgardens-10"
"exhibits","zoosaquariumsgardens",-208.184922518317,-3116.298957778879,308.5989823369324,10,0.5,0.35,0.5,0.5,3424.8979401158113,"zoosaquariumsgardens-10"
"exhibits","zoosaquariumsgardens",-187.87349681394386,-3059.7503047047253,418.6520112365285,10,0.5,0.4,0.5,0.5,3478.4023159412536,"zoosaquariumsgardens-10"
"exhibits","zoosaquariumsgardens",-163.13540573275574,-3081.837256550315,445.9343457700571,10,0.5,0.45000000000000007,0.5,0.5,3527.771602320372,"zoosaquariumsgardens-10"
"exhibits","zoosaquariumsgardens",-172.91622330477176,-2628.417927500331,333.4101125838195,10,0.5,0.5,0.5,0.5,2961.828040084151,"zoosaquariumsgardens-10"
"exhibits","zoosaquariumsgardens",-199.75554337219037,-3267.551360216813,379.1187790450406,10,0.5,0.55,0.5,0.5,3646.6701392618534,"zoosaquariumsgardens-10"
"exhibits","zoosaquariumsgardens",-196.0048005177087,-3385.1592100214143,411.8138427647071,10,0.5,0.6,0.5,0.5,3796.9730527861216,"zoosaquariumsgardens-10"
"exhibits","zoosaquariumsgardens",-188.83391173179004,-3076.35849626778,395.77211157473766,10,0.5,0.65,0.5,0.5,3472.1306078425177,"zoosaquariumsgardens-10"
"exhibits","zoosaquariumsgardens",-177.22594582716152,-2749.4718434912547,410.7275286581922,10,0.5,0.7000000000000001,0.5,0.5,3160.199372149447,"zoosaquariumsgardens-10"
"exhibits","zoosaquariumsgardens",-191.02513495387473,-2934.108052746685,299.2211831689874,10,0.5,0.75,0.5,0.5,3233.3292359156726,"zoosaquariumsgardens-10"
"exhibits","zoosaquariumsgardens",-194.09977349797873,-2873.5248500810962,253.28809722321157,10,0.5,0.8,0.5,0.5,3126.8129473043077,"zoosaquariumsgardens-10"
"exhibits","zoosaquariumsgardens",-190.39091440327192,-3204.149168181151,238.64825410319997,10,0.5,0.85,0.5,0.5,3442.797422284351,"zoosaquariumsgardens-10"
"exhibits","zoosaquariumsgardens",-193.73133020882062,-3277.7132735756977,346.9832438012051,10,0.5,0.9,0.5,0.5,3624.6965173769026,"zoosaquariumsgardens-10"
"exhibits","zoosaquariumsgardens",-158.80257585206837,-3380.4998370924354,647.9873650256475,10,0.5,0.95,0.5,0.5,4028.4872021180827,"zoosaquariumsgardens-10"
"entertainment","totartsentertainment",-335.4510861623095,-3200.401957852365,18.880110279433904,10,0.5,0.1,0.5,0.5,3219.282068131799,"totartsentertainment-10"
"entertainment","totartsentertainment",-285.33266672222624,-3288.4995613047035,27.235450320814074,10,0.5,0.15000000000000002,0.5,0.5,3315.7350116255175,"totartsentertainment-10"
"entertainment","totartsentertainment",-312.8876583206462,-3249.706128334325,45.846171288103186,10,0.5,0.2,0.5,0.5,3295.552299622428,"totartsentertainment-10"
"entertainment","totartsentertainment",-321.0067190099387,-3926.379119022414,46.303978277318414,10,0.5,0.25,0.5,0.5,3972.6830972997327,"totartsentertainment-10"
"entertainment","totartsentertainment",-328.5294131580531,-3830.4296965695476,11.048960713880145,10,0.5,0.30000000000000004,0.5,0.5,3841.4786572834278,"totartsentertainment-10"
"entertainment","totartsentertainment",-331.1985492367038,-4315.2753125241215,30.197230451320383,10,0.5,0.35,0.5,0.5,4345.472542975442,"totartsentertainment-10"
"entertainment","totartsentertainment",-242.7014663460378,-3045.7821975203933,414.4483588437522,10,0.5,0.4,0.5,0.5,3460.2305563641457,"totartsentertainment-10"
"entertainment","totartsentertainment",-260.4347823926713,-4078.5428860723027,384.4174860844844,10,0.5,0.45000000000000007,0.5,0.5,4462.960372156787,"totartsentertainment-10"
"entertainment","totartsentertainment",-271.8730254865004,-4036.3022713476894,441.8112196320986,10,0.5,0.5,0.5,0.5,4478.113490979788,"totartsentertainment-10"
"entertainment","totartsentertainment",-242.1608413245769,-2844.8574401296837,436.66584748945866,10,0.5,0.55,0.5,0.5,3281.523287619142,"totartsentertainment-10"
"entertainment","totartsentertainment",-220.46674092072385,-4120.416242955083,561.4906945174622,10,0.5,0.6,0.5,0.5,4681.906937472546,"totartsentertainment-10"
"entertainment","totartsentertainment",-230.48342823477398,-3386.475998072382,668.2080560874714,10,0.5,0.65,0.5,0.5,4054.6840541598535,"totartsentertainment-10"
"entertainment","totartsentertainment",-218.46313657449272,-3543.531939030627,868.2214749443048,10,0.5,0.7000000000000001,0.5,0.5,4411.753413974932,"totartsentertainment-10"
"entertainment","totartsentertainment",-209.71650947118206,-3563.4802526689946,591.6073225197229,10,0.5,0.75,0.5,0.5,4155.087575188718,"totartsentertainment-10"
"entertainment","totartsentertainment",-182.67331030215382,-3810.8820739375246,832.4265677787293,10,0.5,0.8,0.5,0.5,4643.308641716254,"totartsentertainment-10"
"entertainment","totartsentertainment",-173.14492203818236,-3823.452133045046,841.0196398424075,10,0.5,0.85,0.5,0.5,4664.471772887454,"totartsentertainment-10"
"entertainment","totartsentertainment",-153.69798987392494,-3461.462842025363,1199.6231715388822,10,0.5,0.9,0.5,0.5,4661.086013564245,"totartsentertainment-10"
"entertainment","totartsentertainment",-169.26441977709882,-3700.302786116875,1276.0413621854382,10,0.5,0.95,0.5,0.5,4976.3441483023125,"totartsentertainment-10"
"entertainment","theatricalproductions",-313.49324371003524,-3908.1023207131548,79.20209605668674,10,0.5,0.1,0.5,0.5,3987.3044167698417,"theatricalproductions-10"
"entertainment","theatricalproductions",-304.0410638914091,-3747.553751426533,55.29814624241498,10,0.5,0.15000000000000002,0.5,0.5,3802.851897668948,"theatricalproductions-10"
"entertainment","theatricalproductions",-321.3520991483657,-3588.9151235869417,54.12029797667546,10,0.5,0.2,0.5,0.5,3643.035421563617,"theatricalproductions-10"
"entertainment","theatricalproductions",-302.0727481109804,-3642.073461615808,63.06882441223019,10,0.5,0.25,0.5,0.5,3705.142286028038,"theatricalproductions-10"
"entertainment","theatricalproductions",-339.5532855694811,-4224.678442965105,105.871201148266,10,0.5,0.30000000000000004,0.5,0.5,4330.549644113371,"theatricalproductions-10"
"entertainment","theatricalproductions",-289.9728152714956,-3392.695671367404,80.64592063906134,10,0.5,0.35,0.5,0.5,3473.3415920064654,"theatricalproductions-10"
"entertainment","theatricalproductions",-285.6971438221376,-3936.4554861537003,64.59839220707322,10,0.5,0.4,0.5,0.5,4001.0538783607735,"theatricalproductions-10"
"entertainment","theatricalproductions",-294.5532853822874,-3440.5077838559323,87.52056889248577,10,0.5,0.45000000000000007,0.5,0.5,3528.028352748418,"theatricalproductions-10"
"entertainment","theatricalproductions",-302.54659683929606,-3246.435972139875,91.48789423447826,10,0.5,0.5,0.5,0.5,3337.923866374353,"theatricalproductions-10"
"entertainment","theatricalproductions",-349.02749369445246,-4191.213673316307,30.061683434439097,10,0.5,0.55,0.5,0.5,4221.275356750746,"theatricalproductions-10"
"entertainment","theatricalproductions",-325.23789842330336,-3254.523700079344,78.06374637585112,10,0.5,0.6,0.5,0.5,3332.5874464551953,"theatricalproductions-10"
"entertainment","theatricalproductions",-340.7293048692279,-3223.3351453156133,72.31310919901432,10,0.5,0.65,0.5,0.5,3295.6482545146278,"theatricalproductions-10"
"entertainment","theatricalproductions",-290.95492661363755,-3988.7011560864503,77.75676000105598,10,0.5,0.7000000000000001,0.5,0.5,4066.4579160875064,"theatricalproductions-10"
"entertainment","theatricalproductions",-315.4153681329119,-4333.097837314014,60.30458226596223,10,0.5,0.75,0.5,0.5,4393.402419579977,"theatricalproductions-10"
"entertainment","theatricalproductions",-327.8671803557187,-3941.0985246618066,55.25313905344435,10,0.5,0.8,0.5,0.5,3996.351663715251,"theatricalproductions-10"
"entertainment","theatricalproductions",-245.80104714514027,-3903.8790997695787,462.60225122294383,10,0.5,0.85,0.5,0.5,4366.4813509925225,"theatricalproductions-10"
"entertainment","theatricalproductions",-231.820568115452,-3453.36649026939,582.3164402899117,10,0.5,0.9,0.5,0.5,4035.682930559302,"theatricalproductions-10"
"entertainment","theatricalproductions",-237.11986671911575,-3457.693598176992,695.3075153999276,10,0.5,0.95,0.5,0.5,4153.00111357692,"theatricalproductions-10"
"games","poolhallsbowlingalleys",24.52980206649982,-804.2678643247685,1090.4201912907174,10,0.5,0.1,0.5,0.5,1894.688055615486,"poolhallsbowlingalleys-10"
"games","poolhallsbowlingalleys",12.887743044401653,-917.1381929640182,1256.369075956654,10,0.5,0.15000000000000002,0.5,0.5,2173.5072689206722,"poolhallsbowlingalleys-10"
"games","poolhallsbowlingalleys",19.122554440281966,-709.4426168692785,1199.7331595200149,10,0.5,0.2,0.5,0.5,1909.1757763892933,"poolhallsbowlingalleys-10"
"games","poolhallsbowlingalleys",23.19535901473313,-835.4246465748301,1147.0350569809025,10,0.5,0.25,0.5,0.5,1982.4597035557326,"poolhallsbowlingalleys-10"
"games","poolhallsbowlingalleys",16.528725250898415,-736.0143424415976,1057.1487418436802,10,0.5,0.30000000000000004,0.5,0.5,1793.1630842852778,"poolhallsbowlingalleys-10"
"games","poolhallsbowlingalleys",17.037153586802713,-736.9989667218463,1135.1155742422252,10,0.5,0.35,0.5,0.5,1872.1145409640715,"poolhallsbowlingalleys-10"
"games","poolhallsbowlingalleys",11.58623855517583,-843.5233712219336,1145.3196723306935,10,0.5,0.4,0.5,0.5,1988.843043552627,"poolhallsbowlingalleys-10"
"games","poolhallsbowlingalleys",25.800817024200278,-678.9577015749038,1093.0044048318562,10,0.5,0.45000000000000007,0.5,0.5,1771.96210640676,"poolhallsbowlingalleys-10"
"games","poolhallsbowlingalleys",8.389331679484169,-659.8596345951792,1154.6504739807935,10,0.5,0.5,0.5,0.5,1814.5101085759727,"poolhallsbowlingalleys-10"
"games","poolhallsbowlingalleys",13.84452714617316,-757.4219052472517,1373.2037704904553,10,0.5,0.55,0.5,0.5,2130.625675737707,"poolhallsbowlingalleys-10"
"games","poolhallsbowlingalleys",23.96169653683191,-716.4333000458183,1288.9401907948857,10,0.5,0.6,0.5,0.5,2005.373490840704,"poolhallsbowlingalleys-10"
"games","poolhallsbowlingalleys",22.701346327854427,-826.8538126958354,1157.6128191392295,10,0.5,0.65,0.5,0.5,1984.4666318350648,"poolhallsbowlingalleys-10"
"games","poolhallsbowlingalleys",24.586931689098513,-789.4891008374343,1440.5003954757153,10,0.5,0.7000000000000001,0.5,0.5,2229.9894963131496,"poolhallsbowlingalleys-10"
"games","poolhallsbowlingalleys",21.430673066892826,-658.943553994287,1480.3456877549486,10,0.5,0.75,0.5,0.5,2139.2892417492358,"poolhallsbowlingalleys-10"
"games","poolhallsbowlingalleys",21.844736886307267,-825.1855401408392,1097.2716510939952,10,0.5,0.8,0.5,0.5,1922.4571912348342,"poolhallsbowlingalleys-10"
"games","poolhallsbowlingalleys",23.139864781909658,-723.8409166996863,1293.2090021061356,10,0.5,0.85,0.5,0.5,2017.049918805822,"poolhallsbowlingalleys-10"
"games","poolhallsbowlingalleys",14.878948086312327,-931.223188232833,1089.2957215458307,10,0.5,0.9,0.5,0.5,2020.5189097786638,"poolhallsbowlingalleys-10"
"games","poolhallsbowlingalleys",3.292697130195627,-897.3895927991667,837.3803539443935,10,0.5,0.95,0.5,0.5,1734.7699467435602,"poolhallsbowlingalleys-10"
"exhibits","museums",-382.8247080052415,-4314.220755217826,22.64329405415536,10,0.5,0.1,0.5,0.5,4336.8640492719815,"museums-10"
"exhibits","museums",-392.1003228633708,-4592.396717493724,40.73223163475564,10,0.5,0.15000000000000002,0.5,0.5,4633.12894912848,"museums-10"
"exhibits","museums",-341.3958032296464,-5207.212419247315,60.56503095973923,10,0.5,0.2,0.5,0.5,5267.777450207054,"museums-10"
"exhibits","museums",-332.4353715772587,-4628.382771686938,48.565301433683665,10,0.5,0.25,0.5,0.5,4676.948073120622,"museums-10"
"exhibits","museums",-357.3016603651728,-3989.4977997285005,86.18978900181378,10,0.5,0.30000000000000004,0.5,0.5,4075.687588730314,"museums-10"
"exhibits","museums",-347.27523218048395,-3920.7668283520998,34.41607048091391,10,0.5,0.35,0.5,0.5,3955.1828988330135,"museums-10"
"exhibits","museums",-350.4730920152443,-4270.6007126098,35.34185631589244,10,0.5,0.4,0.5,0.5,4305.942568925692,"museums-10"
"exhibits","museums",-347.4219355638006,-4357.957178891381,74.40542300756073,10,0.5,0.45000000000000007,0.5,0.5,4432.362601898942,"museums-10"
"exhibits","museums",-369.1619170869992,-5134.276904679131,50.19056874282288,10,0.5,0.5,0.5,0.5,5184.467473421953,"museums-10"
"exhibits","museums",-370.21710684544564,-4410.492673412016,32.98414200391111,10,0.5,0.55,0.5,0.5,4443.476815415927,"museums-10"
"exhibits","museums",-343.5148121327469,-3541.4028955411495,56.29632454584166,10,0.5,0.6,0.5,0.5,3597.6992200869913,"museums-10"
"exhibits","museums",-307.5394359294153,-3389.924640481659,428.14206830209105,10,0.5,0.65,0.5,0.5,3818.06670878375,"museums-10"
"exhibits","museums",-249.43713754950613,-3687.417967366024,653.2575331913238,10,0.5,0.7000000000000001,0.5,0.5,4340.675500557348,"museums-10"
"exhibits","museums",-316.26625654418103,-4169.736276577105,432.20367310868875,10,0.5,0.75,0.5,0.5,4601.939949685794,"museums-10"
"exhibits","museums",-180.77471633610662,-3483.1863774965705,743.1382910625298,10,0.5,0.8,0.5,0.5,4226.3246685591,"museums-10"
"exhibits","museums",-219.90404482158652,-3681.606272862615,785.6368037310286,10,0.5,0.85,0.5,0.5,4467.243076593643,"museums-10"
"exhibits","museums",-242.70924773533,-4040.57092606182,787.3080949195103,10,0.5,0.9,0.5,0.5,4827.8790209813305,"museums-10"
"exhibits","museums",-194.1328588677059,-3833.649186403605,1105.9406585433537,10,0.5,0.95,0.5,0.5,4939.589844946959,"museums-10"
"entertainment","movietheaters",-1449.900156189567,-17727.665630053118,-127.08974467766487,10,0.5,0.1,0.5,0.5,17600.575885375452,"movietheaters-10"
"entertainment","movietheaters",-1603.0796301496962,-16571.866232802844,-112.4594711727278,10,0.5,0.15000000000000002,0.5,0.5,16459.406761630114,"movietheaters-10"
"entertainment","movietheaters",-1651.6200982344253,-15566.229230041097,-120.11642040663678,10,0.5,0.2,0.5,0.5,15446.11280963446,"movietheaters-10"
"entertainment","movietheaters",-1450.8303910707232,-14029.671069267079,-104.03817566089553,10,0.5,0.25,0.5,0.5,13925.632893606184,"movietheaters-10"
"entertainment","movietheaters",-1454.9332000115674,-13889.257055493117,-119.7200712149758,10,0.5,0.30000000000000004,0.5,0.5,13769.536984278142,"movietheaters-10"
"entertainment","movietheaters",-1471.4557664403014,-15959.479503984696,-128.66264426326097,10,0.5,0.35,0.5,0.5,15830.816859721435,"movietheaters-10"
"entertainment","movietheaters",-1475.7588763446638,-16520.297249079693,-134.79828749202508,10,0.5,0.4,0.5,0.5,16385.49896158767,"movietheaters-10"
"entertainment","movietheaters",-1411.8470928318206,-15704.470998345301,-136.30553443558293,10,0.5,0.45000000000000007,0.5,0.5,15568.165463909718,"movietheaters-10"
"entertainment","movietheaters",-1379.1909097618066,-14714.988474104292,-113.54766089092392,10,0.5,0.5,0.5,0.5,14601.440813213367,"movietheaters-10"
"entertainment","movietheaters",-1580.4927052381277,-13430.779086389883,-134.36033684750817,10,0.5,0.55,0.5,0.5,13296.418749542374,"movietheaters-10"
"entertainment","movietheaters",-1377.6340469753245,-18489.043438950648,-113.37350754388908,10,0.5,0.6,0.5,0.5,18375.66993140676,"movietheaters-10"
"entertainment","movietheaters",-1351.9022840397183,-15597.40413108288,-89.1888670344764,10,0.5,0.65,0.5,0.5,15508.215264048404,"movietheaters-10"
"entertainment","movietheaters",-1443.5023121324293,-14812.286969802886,-96.38757923800621,10,0.5,0.7000000000000001,0.5,0.5,14715.89939056488,"movietheaters-10"
"entertainment","movietheaters",-1680.1090990170005,-19136.414662752173,-147.23185716766125,10,0.5,0.75,0.5,0.5,18989.18280558451,"movietheaters-10"
"entertainment","movietheaters",-1567.5120138173138,-16262.727819440992,-137.71172928638492,10,0.5,0.8,0.5,0.5,16125.016090154608,"movietheaters-10"
"entertainment","movietheaters",-1486.0496198062542,-16323.96907963663,86.6025829561544,10,0.5,0.85,0.5,0.5,16410.571662592785,"movietheaters-10"
"entertainment","movietheaters",-1377.7108635699378,-17022.56701713126,298.174726593979,10,0.5,0.9,0.5,0.5,17320.741743725237,"movietheaters-10"
"entertainment","movietheaters",-1305.98497622302,-17159.56775544865,373.366540716697,10,0.5,0.95,0.5,0.5,17532.934296165346,"movietheaters-10"
"hotels","hotels",-185.63699964558387,-2334.0061191386776,205.57497383858467,10,0.5,0.1,0.5,0.5,2539.5810929772624,"hotels-10"
"hotels","hotels",-164.1976061695616,-2307.108166528099,150.61678970520282,10,0.5,0.15000000000000002,0.5,0.5,2457.724956233302,"hotels-10"
"hotels","hotels",-170.4554699837001,-2012.4711643122007,247.34326947352469,10,0.5,0.2,0.5,0.5,2259.814433785725,"hotels-10"
"hotels","hotels",-158.17734228052515,-2157.344604610594,203.28572766557735,10,0.5,0.25,0.5,0.5,2360.6303322761714,"hotels-10"
"hotels","hotels",-111.78057501629522,-1970.8866185232225,645.4749599271157,10,0.5,0.30000000000000004,0.5,0.5,2616.361578450338,"hotels-10"
"hotels","hotels",-127.23893045012687,-2556.9930412955396,590.6432796914319,10,0.5,0.35,0.5,0.5,3147.6363209869714,"hotels-10"
"hotels","hotels",-112.95767440483328,-2293.0837665941835,585.7284245436932,10,0.5,0.4,0.5,0.5,2878.8121911378767,"hotels-10"
"hotels","hotels",-112.80064092160941,-2140.76102413603,484.9790229407784,10,0.5,0.45000000000000007,0.5,0.5,2625.7400470768084,"hotels-10"
"hotels","hotels",-112.2232684147224,-2027.3176060324713,560.7813577750287,10,0.5,0.5,0.5,0.5,2588.0989638075,"hotels-10"
"hotels","hotels",-107.45260321392009,-2186.1358178223854,716.0576949227739,10,0.5,0.55,0.5,0.5,2902.1935127451593,"hotels-10"
"hotels","hotels",-107.34554423610233,-2169.738851439127,662.7341489066381,10,0.5,0.6,0.5,0.5,2832.473000345765,"hotels-10"
"hotels","hotels",-99.7125836867421,-2020.4829435752727,887.3154584865476,10,0.5,0.65,0.5,0.5,2907.7984020618205,"hotels-10"
"hotels","hotels",-107.43891921063226,-2631.264753044084,728.0377137261213,10,0.5,0.7000000000000001,0.5,0.5,3359.3024667702052,"hotels-10"
"hotels","hotels",-100.12007224145059,-2447.9138947171364,859.602160679594,10,0.5,0.75,0.5,0.5,3307.5160553967303,"hotels-10"
"hotels","hotels",-63.45393072277663,-2314.9143126338313,1228.267112383016,10,0.5,0.8,0.5,0.5,3543.1814250168472,"hotels-10"
"hotels","hotels",-75.25570011896889,-2213.1136916219893,1030.964152844869,10,0.5,0.85,0.5,0.5,3244.0778444668586,"hotels-10"
"hotels","hotels",-75.5604998221601,-2197.0463118986895,1037.1220683503605,10,0.5,0.9,0.5,0.5,3234.1683802490497,"hotels-10"
"hotels","hotels",-64.15717683890892,-2175.1708293861548,1487.0562309620364,10,0.5,0.95,0.5,0.5,3662.227060348191,"hotels-10"
"gambling","casinohotels",-2840.3082134812717,-28759.273744718634,-164.54841990290748,10,0.5,0.1,0.5,0.5,28594.725324815725,"casinohotels-10"
"gambling","casinohotels",-2318.524183084941,-37407.15546307793,-152.82610034838967,10,0.5,0.15000000000000002,0.5,0.5,37254.329362729535,"casinohotels-10"
"gambling","casinohotels",-2422.333013968109,-35063.50763665717,-174.0888101845982,10,0.5,0.2,0.5,0.5,34889.41882647257,"casinohotels-10"
"gambling","casinohotels",-2598.9621669206545,-36392.03212614,-154.80517672759353,10,0.5,0.25,0.5,0.5,36237.22694941241,"casinohotels-10"
"gambling","casinohotels",-2603.8015530637113,-34755.45445065215,-175.87503875935244,10,0.5,0.30000000000000004,0.5,0.5,34579.579411892795,"casinohotels-10"
"gambling","casinohotels",-2421.0469755521276,-36342.33586460235,-148.32452071592567,10,0.5,0.35,0.5,0.5,36194.01134388642,"casinohotels-10"
"gambling","casinohotels",-2489.544230546149,-28762.482470622283,-141.07003806679123,10,0.5,0.4,0.5,0.5,28621.41243255549,"casinohotels-10"
"gambling","casinohotels",-2447.4192501664156,-29957.681077147474,-169.8505188209419,10,0.5,0.45000000000000007,0.5,0.5,29787.830558326532,"casinohotels-10"
"gambling","casinohotels",-2596.3826236097802,-33960.61283698199,-163.6501818764086,10,0.5,0.5,0.5,0.5,33796.962655105584,"casinohotels-10"
"gambling","casinohotels",-2387.3113973497248,-30863.7029937868,-156.34185980217455,10,0.5,0.55,0.5,0.5,30707.361133984625,"casinohotels-10"
"gambling","casinohotels",-2315.763480050983,-34273.204672814616,-179.38999430008278,10,0.5,0.6,0.5,0.5,34093.814678514536,"casinohotels-10"
"gambling","casinohotels",-2507.997135446054,-40628.42992891156,-170.24178739005083,10,0.5,0.65,0.5,0.5,40458.18814152151,"casinohotels-10"
"gambling","casinohotels",-2497.6521989964867,-28496.227962947567,-136.8174489263607,10,0.5,0.7000000000000001,0.5,0.5,28359.410514021205,"casinohotels-10"
"gambling","casinohotels",-2442.0805978672797,-31121.10578375823,-163.8018233354685,10,0.5,0.75,0.5,0.5,30957.303960422763,"casinohotels-10"
"gambling","casinohotels",-2314.0666743159672,-36524.44683358112,-123.40907603029194,10,0.5,0.8,0.5,0.5,36401.037757550825,"casinohotels-10"
"gambling","casinohotels",-2531.3906749533066,-29830.53583281403,-121.58923904027449,10,0.5,0.85,0.5,0.5,29708.946593773755,"casinohotels-10"
"gambling","casinohotels",-2308.90179727145,-30613.028436086035,-201.8178075840509,10,0.5,0.9,0.5,0.5,30411.210628501984,"casinohotels-10"
"gambling","casinohotels",-2400.1635899412095,-32673.169334716255,-141.18383893968192,10,0.5,0.95,0.5,0.5,32531.98549577657,"casinohotels-10"
"gambling","bingocardsgambling",-2737.517059348368,-57099.9169094395,-152.00974358107484,10,0.5,0.1,0.5,0.5,56947.90716585842,"bingocardsgambling-10"
"gambling","bingocardsgambling",-2669.592081629222,-41884.10328087846,-143.9735620089441,10,0.5,0.15000000000000002,0.5,0.5,41740.12971886952,"bingocardsgambling-10"
"gambling","bingocardsgambling",-2518.4353376695512,-32653.628319047104,-163.99734758272828,10,0.5,0.2,0.5,0.5,32489.630971464376,"bingocardsgambling-10"
"gambling","bingocardsgambling",-3258.6114176371902,-45874.07575992503,-205.36074738024246,10,0.5,0.25,0.5,0.5,45668.71501254479,"bingocardsgambling-10"
"gambling","bingocardsgambling",-3016.7970087845024,-55053.670978978174,-157.41663756787742,10,0.5,0.30000000000000004,0.5,0.5,54896.2543414103,"bingocardsgambling-10"
"gambling","bingocardsgambling",-2664.6973928809057,-54604.23723614861,-149.65854679583114,10,0.5,0.35,0.5,0.5,54454.578689352784,"bingocardsgambling-10"
"gambling","bingocardsgambling",-2604.4997438221644,-43820.3401610924,-140.65842814305273,10,0.5,0.4,0.5,0.5,43679.68173294934,"bingocardsgambling-10"
"gambling","bingocardsgambling",-2857.7382804626986,-41070.28902441274,-191.80422780073533,10,0.5,0.45000000000000007,0.5,0.5,40878.48479661201,"bingocardsgambling-10"
"gambling","bingocardsgambling",-2683.1720128937777,-54226.37686617411,-165.9739520335337,10,0.5,0.5,0.5,0.5,54060.40291414058,"bingocardsgambling-10"
"gambling","bingocardsgambling",-2926.82828571915,-43950.86468578918,-160.92927650215293,10,0.5,0.55,0.5,0.5,43789.93540928703,"bingocardsgambling-10"
"gambling","bingocardsgambling",-2758.1299348858647,-48012.35212377447,-182.57978564217814,10,0.5,0.6,0.5,0.5,47829.772338132294,"bingocardsgambling-10"
"gambling","bingocardsgambling",-2766.375291205749,-37637.21372908279,-174.24321578876783,10,0.5,0.65,0.5,0.5,37462.97051329402,"bingocardsgambling-10"
"gambling","bingocardsgambling",-2777.5281954259194,-42186.886866650755,-180.81533978805976,10,0.5,0.7000000000000001,0.5,0.5,42006.071526862695,"bingocardsgambling-10"
"gambling","bingocardsgambling",-3033.186047851355,-35572.825000427016,-187.08111232873014,10,0.5,0.75,0.5,0.5,35385.74388809829,"bingocardsgambling-10"
"gambling","bingocardsgambling",-2640.0765021084007,-37104.14978438191,-160.66300237575618,10,0.5,0.8,0.5,0.5,36943.486782006155,"bingocardsgambling-10"
"gambling","bingocardsgambling",-2645.8060633841624,-43581.10180205029,-164.06001639034704,10,0.5,0.85,0.5,0.5,43417.041785659945,"bingocardsgambling-10"
"gambling","bingocardsgambling",-2905.526451486174,-47572.29717773349,-149.01705492707455,10,0.5,0.9,0.5,0.5,47423.28012280641,"bingocardsgambling-10"
"gambling","bingocardsgambling",-2575.534530496621,-44662.92216672439,-126.06085410370342,10,0.5,0.95,0.5,0.5,44536.86131262069,"bingocardsgambling-10"
"entertainment","amusementparks",-643.2063735725351,-10643.907385115304,78.8016826937595,10,0.5,0.1,0.5,0.5,10722.709067809064,"amusementparks-10"
"entertainment","amusementparks",-600.5571824056627,-8557.708241588485,38.80771389736544,10,0.5,0.15000000000000002,0.5,0.5,8596.515955485851,"amusementparks-10"
"entertainment","amusementparks",-654.8015816063553,-8734.52380942475,72.42438983830283,10,0.5,0.2,0.5,0.5,8806.948199263054,"amusementparks-10"
"entertainment","amusementparks",-593.488234745925,-10475.300433189315,37.13260862895534,10,0.5,0.25,0.5,0.5,10512.43304181827,"amusementparks-10"
"entertainment","amusementparks",-621.5752862096828,-10757.907044602653,49.00743011329436,10,0.5,0.30000000000000004,0.5,0.5,10806.914474715946,"amusementparks-10"
"entertainment","amusementparks",-565.2513801275957,-8543.102600124394,61.91687831499075,10,0.5,0.35,0.5,0.5,8605.019478439384,"amusementparks-10"
"entertainment","amusementparks",-592.7122541180402,-7784.850429048825,58.46993988971431,10,0.5,0.4,0.5,0.5,7843.32036893854,"amusementparks-10"
"entertainment","amusementparks",-640.1198500277997,-7591.063719413789,12.803377622508993,10,0.5,0.45000000000000007,0.5,0.5,7603.867097036298,"amusementparks-10"
"entertainment","amusementparks",-598.4897961004635,-9497.840745812859,52.964940227688814,10,0.5,0.5,0.5,0.5,9550.805686040547,"amusementparks-10"
"entertainment","amusementparks",-648.6826943322816,-7917.153137742408,36.39281726732238,10,0.5,0.55,0.5,0.5,7953.54595500973,"amusementparks-10"
"entertainment","amusementparks",-636.5342443592435,-8989.825018916572,25.031494145046697,10,0.5,0.6,0.5,0.5,9014.856513061619,"amusementparks-10"
"entertainment","amusementparks",-594.333288248679,-9288.951485147414,55.53846310106497,10,0.5,0.65,0.5,0.5,9344.48994824848,"amusementparks-10"
"entertainment","amusementparks",-632.3756076196214,-7076.537426552324,42.778786577040016,10,0.5,0.7000000000000001,0.5,0.5,7119.316213129364,"amusementparks-10"
"entertainment","amusementparks",-616.3713630248819,-7956.416517979422,29.334605108060543,10,0.5,0.75,0.5,0.5,7985.7511230874825,"amusementparks-10"
"entertainment","amusementparks",-616.301942217224,-9183.022452111174,8.075875484104342,10,0.5,0.8,0.5,0.5,9191.098327595279,"amusementparks-10"
"entertainment","amusementparks",-587.4920286071653,-8928.633924748814,59.40867448078532,10,0.5,0.85,0.5,0.5,8988.042599229599,"amusementparks-10"
"entertainment","amusementparks",-647.2337408893361,-9343.515361868436,73.0429938913612,10,0.5,0.9,0.5,0.5,9416.558355759797,"amusementparks-10"
"entertainment","amusementparks",-514.0687000769885,-9430.013378250555,754.5913836776812,10,0.5,0.95,0.5,0.5,10184.604761928236,"amusementparks-10"
